algorithm,reward,exploration,environment,run,states,t_explore_sec,t_learn_sec,iterations_or_updates,status,exit_code,log_file
run,algorithm,reward,exploration,environment,states,t_explore_sec,t_learn_sec,iterations_or_updates,status,exit_code,log_file
1,INCREMENTAL_VALUE_ITERATION,EMBEDDED,PREPROCESS,autoV2,2830,0.526007673,11.567357071,625,SUCCESS,0,experiments/20260708_095510/logs/autoV2/INCREMENTAL_VALUE_ITERATION/EMBEDDED/PREPROCESS/run_1.log
run,algorithm,reward,exploration,environment,states,t_explore_sec,t_learn_sec,iterations_or_updates,status,exit_code,log_file
1,INCREMENTAL_VALUE_ITERATION,EMBEDDED,RECURSIVE,autoV2,,,,,FAILED,1,experiments/20260708_095510/logs/autoV2/INCREMENTAL_VALUE_ITERATION/EMBEDDED/RECURSIVE/run_1.log
run,algorithm,reward,exploration,environment,states,t_explore_sec,t_learn_sec,iterations_or_updates,status,exit_code,log_file
1,INCREMENTAL_VALUE_ITERATION,ONCEANDFORALL,PREPROCESS,autoV2,2830,0.477411039,753.903241602,567,SUCCESS,0,experiments/20260708_095510/logs/autoV2/INCREMENTAL_VALUE_ITERATION/ONCEANDFORALL/PREPROCESS/run_1.log
run,algorithm,reward,exploration,environment,states,t_explore_sec,t_learn_sec,iterations_or_updates,status,exit_code,log_file
1,INCREMENTAL_VALUE_ITERATION,ONCEANDFORALL,RECURSIVE,autoV2,,,,,FAILED,1,experiments/20260708_095510/logs/autoV2/INCREMENTAL_VALUE_ITERATION/ONCEANDFORALL/RECURSIVE/run_1.log
run,algorithm,reward,exploration,environment,states,t_explore_sec,t_learn_sec,iterations_or_updates,status,exit_code,log_file
1,MODIFIED_POLICY_ITERATION,EMBEDDED,PREPROCESS,autoV2,2830,0.457598225,6.380845397,12,SUCCESS,0,experiments/20260708_095510/logs/autoV2/MODIFIED_POLICY_ITERATION/EMBEDDED/PREPROCESS/run_1.log
run,algorithm,reward,exploration,environment,states,t_explore_sec,t_learn_sec,iterations_or_updates,status,exit_code,log_file
1,MODIFIED_POLICY_ITERATION,EMBEDDED,RECURSIVE,autoV2,,,,,FAILED,1,experiments/20260708_095510/logs/autoV2/MODIFIED_POLICY_ITERATION/EMBEDDED/RECURSIVE/run_1.log
run,algorithm,reward,exploration,environment,states,t_explore_sec,t_learn_sec,iterations_or_updates,status,exit_code,log_file
1,MODIFIED_POLICY_ITERATION,ONCEANDFORALL,PREPROCESS,autoV2,2830,0.491396462,311.720528774,11,SUCCESS,0,experiments/20260708_095510/logs/autoV2/MODIFIED_POLICY_ITERATION/ONCEANDFORALL/PREPROCESS/run_1.log
run,algorithm,reward,exploration,environment,states,t_explore_sec,t_learn_sec,iterations_or_updates,status,exit_code,log_file
1,MODIFIED_POLICY_ITERATION,ONCEANDFORALL,RECURSIVE,autoV2,,,,,FAILED,1,experiments/20260708_095510/logs/autoV2/MODIFIED_POLICY_ITERATION/ONCEANDFORALL/RECURSIVE/run_1.log
run,algorithm,reward,exploration,environment,states,t_explore_sec,t_learn_sec,iterations_or_updates,status,exit_code,log_file
1,POLICY_ITERATION,EMBEDDED,PREPROCESS,autoV2,,,,,FAILED,1,experiments/20260708_095510/logs/autoV2/POLICY_ITERATION/EMBEDDED/PREPROCESS/run_1.log
run,algorithm,reward,exploration,environment,states,t_explore_sec,t_learn_sec,iterations_or_updates,status,exit_code,log_file
1,POLICY_ITERATION,EMBEDDED,RECURSIVE,autoV2,2830,2.053997041,9.218368964,8,SUCCESS,0,experiments/20260708_095510/logs/autoV2/POLICY_ITERATION/EMBEDDED/RECURSIVE/run_1.log
run,algorithm,reward,exploration,environment,states,t_explore_sec,t_learn_sec,iterations_or_updates,status,exit_code,log_file
1,POLICY_ITERATION,ONCEANDFORALL,PREPROCESS,autoV2,,,,,FAILED,1,experiments/20260708_095510/logs/autoV2/POLICY_ITERATION/ONCEANDFORALL/PREPROCESS/run_1.log
run,algorithm,reward,exploration,environment,states,t_explore_sec,t_learn_sec,iterations_or_updates,status,exit_code,log_file
1,POLICY_ITERATION,ONCEANDFORALL,RECURSIVE,autoV2,2830,1.774493656,3297.621416895,8,SUCCESS,0,experiments/20260708_095510/logs/autoV2/POLICY_ITERATION/ONCEANDFORALL/RECURSIVE/run_1.log
run,algorithm,reward,exploration,environment,states,t_explore_sec,t_learn_sec,iterations_or_updates,status,exit_code,log_file
1,PRIORITIZED_VALUE_ITERATION,EMBEDDED,PREPROCESS,autoV2,2830,0.520192964,11.4264343,10000,SUCCESS,0,experiments/20260708_095510/logs/autoV2/PRIORITIZED_VALUE_ITERATION/EMBEDDED/PREPROCESS/run_1.log
run,algorithm,reward,exploration,environment,states,t_explore_sec,t_learn_sec,iterations_or_updates,status,exit_code,log_file
1,PRIORITIZED_VALUE_ITERATION,EMBEDDED,RECURSIVE,autoV2,2830,2.630622935,10.526525752,10000,SUCCESS,0,experiments/20260708_095510/logs/autoV2/PRIORITIZED_VALUE_ITERATION/EMBEDDED/RECURSIVE/run_1.log
run,algorithm,reward,exploration,environment,states,t_explore_sec,t_learn_sec,iterations_or_updates,status,exit_code,log_file
1,PRIORITIZED_VALUE_ITERATION,ONCEANDFORALL,PREPROCESS,autoV2,2830,0.498710846,254.916639428,10000,SUCCESS,0,experiments/20260708_095510/logs/autoV2/PRIORITIZED_VALUE_ITERATION/ONCEANDFORALL/PREPROCESS/run_1.log
run,algorithm,reward,exploration,environment,states,t_explore_sec,t_learn_sec,iterations_or_updates,status,exit_code,log_file
1,PRIORITIZED_VALUE_ITERATION,ONCEANDFORALL,RECURSIVE,autoV2,2830,2.428892571,254.973293402,10000,SUCCESS,0,experiments/20260708_095510/logs/autoV2/PRIORITIZED_VALUE_ITERATION/ONCEANDFORALL/RECURSIVE/run_1.log
run,algorithm,reward,exploration,environment,states,t_explore_sec,t_learn_sec,iterations_or_updates,status,exit_code,log_file
1,VALUE_ITERATION,EMBEDDED,PREPROCESS,autoV2,,,,,FAILED,1,experiments/20260708_095510/logs/autoV2/VALUE_ITERATION/EMBEDDED/PREPROCESS/run_1.log
run,algorithm,reward,exploration,environment,states,t_explore_sec,t_learn_sec,iterations_or_updates,status,exit_code,log_file
1,VALUE_ITERATION,EMBEDDED,RECURSIVE,autoV2,2830,1.706072936,482.610077219,87,SUCCESS,0,experiments/20260708_095510/logs/autoV2/VALUE_ITERATION/EMBEDDED/RECURSIVE/run_1.log
run,algorithm,reward,exploration,environment,states,t_explore_sec,t_learn_sec,iterations_or_updates,status,exit_code,log_file
1,VALUE_ITERATION,ONCEANDFORALL,PREPROCESS,autoV2,2830,0.512248291,738.488128433,87,SUCCESS,0,experiments/20260708_095510/logs/autoV2/VALUE_ITERATION/ONCEANDFORALL/PREPROCESS/run_1.log
run,algorithm,reward,exploration,environment,states,t_explore_sec,t_learn_sec,iterations_or_updates,status,exit_code,log_file
1,VALUE_ITERATION,ONCEANDFORALL,RECURSIVE,autoV2,,,,,FAILED,1,experiments/20260708_095510/logs/autoV2/VALUE_ITERATION/ONCEANDFORALL/RECURSIVE/run_1.log
run,algorithm,reward,exploration,environment,states,t_explore_sec,t_learn_sec,iterations_or_updates,status,exit_code,log_file
1,INCREMENTAL_VALUE_ITERATION,EMBEDDED,PREPROCESS,Frozen_lake,44,0.04336597,0.134531931,100,SUCCESS,0,experiments/20260708_095510/logs/Frozen_lake/INCREMENTAL_VALUE_ITERATION/EMBEDDED/PREPROCESS/run_1.log
run,algorithm,reward,exploration,environment,states,t_explore_sec,t_learn_sec,iterations_or_updates,status,exit_code,log_file
1,INCREMENTAL_VALUE_ITERATION,EMBEDDED,RECURSIVE,Frozen_lake,,,,,FAILED,1,experiments/20260708_095510/logs/Frozen_lake/INCREMENTAL_VALUE_ITERATION/EMBEDDED/RECURSIVE/run_1.log
run,algorithm,reward,exploration,environment,states,t_explore_sec,t_learn_sec,iterations_or_updates,status,exit_code,log_file
1,INCREMENTAL_VALUE_ITERATION,ONCEANDFORALL,PREPROCESS,Frozen_lake,,,,,FAILED,1,experiments/20260708_095510/logs/Frozen_lake/INCREMENTAL_VALUE_ITERATION/ONCEANDFORALL/PREPROCESS/run_1.log
run,algorithm,reward,exploration,environment,states,t_explore_sec,t_learn_sec,iterations_or_updates,status,exit_code,log_file
1,INCREMENTAL_VALUE_ITERATION,ONCEANDFORALL,RECURSIVE,Frozen_lake,,,,,FAILED,1,experiments/20260708_095510/logs/Frozen_lake/INCREMENTAL_VALUE_ITERATION/ONCEANDFORALL/RECURSIVE/run_1.log
run,algorithm,reward,exploration,environment,states,t_explore_sec,t_learn_sec,iterations_or_updates,status,exit_code,log_file
1,MODIFIED_POLICY_ITERATION,EMBEDDED,PREPROCESS,Frozen_lake,,,,,FAILED,1,experiments/20260708_095510/logs/Frozen_lake/MODIFIED_POLICY_ITERATION/EMBEDDED/PREPROCESS/run_1.log
run,algorithm,reward,exploration,environment,states,t_explore_sec,t_learn_sec,iterations_or_updates,status,exit_code,log_file
1,MODIFIED_POLICY_ITERATION,EMBEDDED,RECURSIVE,Frozen_lake,43,0.048561402,0.079252991,8,SUCCESS,0,experiments/20260708_095510/logs/Frozen_lake/MODIFIED_POLICY_ITERATION/EMBEDDED/RECURSIVE/run_1.log
run,algorithm,reward,exploration,environment,states,t_explore_sec,t_learn_sec,iterations_or_updates,status,exit_code,log_file
1,MODIFIED_POLICY_ITERATION,ONCEANDFORALL,PREPROCESS,Frozen_lake,44,0.021010733,2.008155039,8,SUCCESS,0,experiments/20260708_095510/logs/Frozen_lake/MODIFIED_POLICY_ITERATION/ONCEANDFORALL/PREPROCESS/run_1.log
run,algorithm,reward,exploration,environment,states,t_explore_sec,t_learn_sec,iterations_or_updates,status,exit_code,log_file
1,MODIFIED_POLICY_ITERATION,ONCEANDFORALL,RECURSIVE,Frozen_lake,,,,,FAILED,1,experiments/20260708_095510/logs/Frozen_lake/MODIFIED_POLICY_ITERATION/ONCEANDFORALL/RECURSIVE/run_1.log
run,algorithm,reward,exploration,environment,states,t_explore_sec,t_learn_sec,iterations_or_updates,status,exit_code,log_file
1,POLICY_ITERATION,EMBEDDED,PREPROCESS,Frozen_lake,44,0.018893438,0.094757028,8,SUCCESS,0,experiments/20260708_095510/logs/Frozen_lake/POLICY_ITERATION/EMBEDDED/PREPROCESS/run_1.log
run,algorithm,reward,exploration,environment,states,t_explore_sec,t_learn_sec,iterations_or_updates,status,exit_code,log_file
1,POLICY_ITERATION,EMBEDDED,RECURSIVE,Frozen_lake,43,0.04101982,0.065859301,8,SUCCESS,0,experiments/20260708_095510/logs/Frozen_lake/POLICY_ITERATION/EMBEDDED/RECURSIVE/run_1.log
run,algorithm,reward,exploration,environment,states,t_explore_sec,t_learn_sec,iterations_or_updates,status,exit_code,log_file
1,POLICY_ITERATION,ONCEANDFORALL,PREPROCESS,Frozen_lake,,,,,FAILED,1,experiments/20260708_095510/logs/Frozen_lake/POLICY_ITERATION/ONCEANDFORALL/PREPROCESS/run_1.log
run,algorithm,reward,exploration,environment,states,t_explore_sec,t_learn_sec,iterations_or_updates,status,exit_code,log_file
1,POLICY_ITERATION,ONCEANDFORALL,RECURSIVE,Frozen_lake,,,,,FAILED,1,experiments/20260708_095510/logs/Frozen_lake/POLICY_ITERATION/ONCEANDFORALL/RECURSIVE/run_1.log
run,algorithm,reward,exploration,environment,states,t_explore_sec,t_learn_sec,iterations_or_updates,status,exit_code,log_file
1,PRIORITIZED_VALUE_ITERATION,EMBEDDED,PREPROCESS,Frozen_lake,,,,,FAILED,1,experiments/20260708_095510/logs/Frozen_lake/PRIORITIZED_VALUE_ITERATION/EMBEDDED/PREPROCESS/run_1.log
run,algorithm,reward,exploration,environment,states,t_explore_sec,t_learn_sec,iterations_or_updates,status,exit_code,log_file
1,PRIORITIZED_VALUE_ITERATION,EMBEDDED,RECURSIVE,Frozen_lake,,,,,FAILED,1,experiments/20260708_095510/logs/Frozen_lake/PRIORITIZED_VALUE_ITERATION/EMBEDDED/RECURSIVE/run_1.log
run,algorithm,reward,exploration,environment,states,t_explore_sec,t_learn_sec,iterations_or_updates,status,exit_code,log_file
1,PRIORITIZED_VALUE_ITERATION,ONCEANDFORALL,PREPROCESS,Frozen_lake,,,,,FAILED,1,experiments/20260708_095510/logs/Frozen_lake/PRIORITIZED_VALUE_ITERATION/ONCEANDFORALL/PREPROCESS/run_1.log
run,algorithm,reward,exploration,environment,states,t_explore_sec,t_learn_sec,iterations_or_updates,status,exit_code,log_file
1,PRIORITIZED_VALUE_ITERATION,ONCEANDFORALL,RECURSIVE,Frozen_lake,,,,,FAILED,1,experiments/20260708_095510/logs/Frozen_lake/PRIORITIZED_VALUE_ITERATION/ONCEANDFORALL/RECURSIVE/run_1.log
run,algorithm,reward,exploration,environment,states,t_explore_sec,t_learn_sec,iterations_or_updates,status,exit_code,log_file
1,VALUE_ITERATION,EMBEDDED,PREPROCESS,Frozen_lake,44,0.018629057,0.106773049,100,SUCCESS,0,experiments/20260708_095510/logs/Frozen_lake/VALUE_ITERATION/EMBEDDED/PREPROCESS/run_1.log
run,algorithm,reward,exploration,environment,states,t_explore_sec,t_learn_sec,iterations_or_updates,status,exit_code,log_file
1,VALUE_ITERATION,EMBEDDED,RECURSIVE,Frozen_lake,,,,,FAILED,1,experiments/20260708_095510/logs/Frozen_lake/VALUE_ITERATION/EMBEDDED/RECURSIVE/run_1.log
run,algorithm,reward,exploration,environment,states,t_explore_sec,t_learn_sec,iterations_or_updates,status,exit_code,log_file
1,VALUE_ITERATION,ONCEANDFORALL,PREPROCESS,Frozen_lake,44,0.024289211,12.419763507,100,SUCCESS,0,experiments/20260708_095510/logs/Frozen_lake/VALUE_ITERATION/ONCEANDFORALL/PREPROCESS/run_1.log
run,algorithm,reward,exploration,environment,states,t_explore_sec,t_learn_sec,iterations_or_updates,status,exit_code,log_file
1,VALUE_ITERATION,ONCEANDFORALL,RECURSIVE,Frozen_lake,43,0.055541617,9.794921455,100,SUCCESS,0,experiments/20260708_095510/logs/Frozen_lake/VALUE_ITERATION/ONCEANDFORALL/RECURSIVE/run_1.log
run,algorithm,reward,exploration,environment,states,t_explore_sec,t_learn_sec,iterations_or_updates,status,exit_code,log_file
1,INCREMENTAL_VALUE_ITERATION,EMBEDDED,PREPROCESS,Interlocking,,,,,FAILED,1,experiments/20260708_095510/logs/Interlocking/INCREMENTAL_VALUE_ITERATION/EMBEDDED/PREPROCESS/run_1.log
run,algorithm,reward,exploration,environment,states,t_explore_sec,t_learn_sec,iterations_or_updates,status,exit_code,log_file
1,INCREMENTAL_VALUE_ITERATION,EMBEDDED,RECURSIVE,Interlocking,,,,,FAILED,1,experiments/20260708_095510/logs/Interlocking/INCREMENTAL_VALUE_ITERATION/EMBEDDED/RECURSIVE/run_1.log
run,algorithm,reward,exploration,environment,states,t_explore_sec,t_learn_sec,iterations_or_updates,status,exit_code,log_file
1,INCREMENTAL_VALUE_ITERATION,ONCEANDFORALL,PREPROCESS,Interlocking,,,,,FAILED,1,experiments/20260708_095510/logs/Interlocking/INCREMENTAL_VALUE_ITERATION/ONCEANDFORALL/PREPROCESS/run_1.log
run,algorithm,reward,exploration,environment,states,t_explore_sec,t_learn_sec,iterations_or_updates,status,exit_code,log_file
1,INCREMENTAL_VALUE_ITERATION,ONCEANDFORALL,RECURSIVE,Interlocking,,,,,FAILED,1,experiments/20260708_095510/logs/Interlocking/INCREMENTAL_VALUE_ITERATION/ONCEANDFORALL/RECURSIVE/run_1.log
run,algorithm,reward,exploration,environment,states,t_explore_sec,t_learn_sec,iterations_or_updates,status,exit_code,log_file
1,MODIFIED_POLICY_ITERATION,EMBEDDED,PREPROCESS,Interlocking,,,,,FAILED,1,experiments/20260708_095510/logs/Interlocking/MODIFIED_POLICY_ITERATION/EMBEDDED/PREPROCESS/run_1.log
run,algorithm,reward,exploration,environment,states,t_explore_sec,t_learn_sec,iterations_or_updates,status,exit_code,log_file
1,MODIFIED_POLICY_ITERATION,EMBEDDED,RECURSIVE,Interlocking,,,,,FAILED,1,experiments/20260708_095510/logs/Interlocking/MODIFIED_POLICY_ITERATION/EMBEDDED/RECURSIVE/run_1.log
run,algorithm,reward,exploration,environment,states,t_explore_sec,t_learn_sec,iterations_or_updates,status,exit_code,log_file
1,MODIFIED_POLICY_ITERATION,ONCEANDFORALL,PREPROCESS,Interlocking,,,,,FAILED,1,experiments/20260708_095510/logs/Interlocking/MODIFIED_POLICY_ITERATION/ONCEANDFORALL/PREPROCESS/run_1.log
run,algorithm,reward,exploration,environment,states,t_explore_sec,t_learn_sec,iterations_or_updates,status,exit_code,log_file
1,MODIFIED_POLICY_ITERATION,ONCEANDFORALL,RECURSIVE,Interlocking,,,,,FAILED,1,experiments/20260708_095510/logs/Interlocking/MODIFIED_POLICY_ITERATION/ONCEANDFORALL/RECURSIVE/run_1.log
run,algorithm,reward,exploration,environment,states,t_explore_sec,t_learn_sec,iterations_or_updates,status,exit_code,log_file
1,POLICY_ITERATION,EMBEDDED,PREPROCESS,Interlocking,,,,,FAILED,1,experiments/20260708_095510/logs/Interlocking/POLICY_ITERATION/EMBEDDED/PREPROCESS/run_1.log
run,algorithm,reward,exploration,environment,states,t_explore_sec,t_learn_sec,iterations_or_updates,status,exit_code,log_file
1,POLICY_ITERATION,EMBEDDED,RECURSIVE,Interlocking,,,,,FAILED,1,experiments/20260708_095510/logs/Interlocking/POLICY_ITERATION/EMBEDDED/RECURSIVE/run_1.log
run,algorithm,reward,exploration,environment,states,t_explore_sec,t_learn_sec,iterations_or_updates,status,exit_code,log_file
1,POLICY_ITERATION,ONCEANDFORALL,PREPROCESS,Interlocking,,,,,FAILED,1,experiments/20260708_095510/logs/Interlocking/POLICY_ITERATION/ONCEANDFORALL/PREPROCESS/run_1.log
run,algorithm,reward,exploration,environment,states,t_explore_sec,t_learn_sec,iterations_or_updates,status,exit_code,log_file
1,POLICY_ITERATION,ONCEANDFORALL,RECURSIVE,Interlocking,,,,,FAILED,1,experiments/20260708_095510/logs/Interlocking/POLICY_ITERATION/ONCEANDFORALL/RECURSIVE/run_1.log
run,algorithm,reward,exploration,environment,states,t_explore_sec,t_learn_sec,iterations_or_updates,status,exit_code,log_file
1,PRIORITIZED_VALUE_ITERATION,EMBEDDED,PREPROCESS,Interlocking,,,,,FAILED,1,experiments/20260708_095510/logs/Interlocking/PRIORITIZED_VALUE_ITERATION/EMBEDDED/PREPROCESS/run_1.log
run,algorithm,reward,exploration,environment,states,t_explore_sec,t_learn_sec,iterations_or_updates,status,exit_code,log_file
1,PRIORITIZED_VALUE_ITERATION,EMBEDDED,RECURSIVE,Interlocking,,,,,FAILED,1,experiments/20260708_095510/logs/Interlocking/PRIORITIZED_VALUE_ITERATION/EMBEDDED/RECURSIVE/run_1.log
run,algorithm,reward,exploration,environment,states,t_explore_sec,t_learn_sec,iterations_or_updates,status,exit_code,log_file
1,PRIORITIZED_VALUE_ITERATION,ONCEANDFORALL,PREPROCESS,Interlocking,,,,,FAILED,1,experiments/20260708_095510/logs/Interlocking/PRIORITIZED_VALUE_ITERATION/ONCEANDFORALL/PREPROCESS/run_1.log
run,algorithm,reward,exploration,environment,states,t_explore_sec,t_learn_sec,iterations_or_updates,status,exit_code,log_file
1,PRIORITIZED_VALUE_ITERATION,ONCEANDFORALL,RECURSIVE,Interlocking,,,,,FAILED,1,experiments/20260708_095510/logs/Interlocking/PRIORITIZED_VALUE_ITERATION/ONCEANDFORALL/RECURSIVE/run_1.log
run,algorithm,reward,exploration,environment,states,t_explore_sec,t_learn_sec,iterations_or_updates,status,exit_code,log_file
1,VALUE_ITERATION,EMBEDDED,PREPROCESS,Interlocking,,,,,FAILED,1,experiments/20260708_095510/logs/Interlocking/VALUE_ITERATION/EMBEDDED/PREPROCESS/run_1.log
run,algorithm,reward,exploration,environment,states,t_explore_sec,t_learn_sec,iterations_or_updates,status,exit_code,log_file
1,VALUE_ITERATION,EMBEDDED,RECURSIVE,Interlocking,,,,,FAILED,1,experiments/20260708_095510/logs/Interlocking/VALUE_ITERATION/EMBEDDED/RECURSIVE/run_1.log
run,algorithm,reward,exploration,environment,states,t_explore_sec,t_learn_sec,iterations_or_updates,status,exit_code,log_file
1,VALUE_ITERATION,ONCEANDFORALL,PREPROCESS,Interlocking,,,,,FAILED,1,experiments/20260708_095510/logs/Interlocking/VALUE_ITERATION/ONCEANDFORALL/PREPROCESS/run_1.log
run,algorithm,reward,exploration,environment,states,t_explore_sec,t_learn_sec,iterations_or_updates,status,exit_code,log_file
1,VALUE_ITERATION,ONCEANDFORALL,RECURSIVE,Interlocking,,,,,FAILED,1,experiments/20260708_095510/logs/Interlocking/VALUE_ITERATION/ONCEANDFORALL/RECURSIVE/run_1.log
run,algorithm,reward,exploration,environment,states,t_explore_sec,t_learn_sec,iterations_or_updates,status,exit_code,log_file
1,INCREMENTAL_VALUE_ITERATION,EMBEDDED,PREPROCESS,Moutain_Car,,,,,FAILED,1,experiments/20260708_095510/logs/Moutain_Car/INCREMENTAL_VALUE_ITERATION/EMBEDDED/PREPROCESS/run_1.log
run,algorithm,reward,exploration,environment,states,t_explore_sec,t_learn_sec,iterations_or_updates,status,exit_code,log_file
1,INCREMENTAL_VALUE_ITERATION,EMBEDDED,RECURSIVE,Moutain_Car,,,,,FAILED,1,experiments/20260708_095510/logs/Moutain_Car/INCREMENTAL_VALUE_ITERATION/EMBEDDED/RECURSIVE/run_1.log
run,algorithm,reward,exploration,environment,states,t_explore_sec,t_learn_sec,iterations_or_updates,status,exit_code,log_file
1,INCREMENTAL_VALUE_ITERATION,ONCEANDFORALL,PREPROCESS,Moutain_Car,,,,,FAILED,1,experiments/20260708_095510/logs/Moutain_Car/INCREMENTAL_VALUE_ITERATION/ONCEANDFORALL/PREPROCESS/run_1.log
run,algorithm,reward,exploration,environment,states,t_explore_sec,t_learn_sec,iterations_or_updates,status,exit_code,log_file
1,INCREMENTAL_VALUE_ITERATION,ONCEANDFORALL,RECURSIVE,Moutain_Car,,,,,FAILED,1,experiments/20260708_095510/logs/Moutain_Car/INCREMENTAL_VALUE_ITERATION/ONCEANDFORALL/RECURSIVE/run_1.log
run,algorithm,reward,exploration,environment,states,t_explore_sec,t_learn_sec,iterations_or_updates,status,exit_code,log_file
1,MODIFIED_POLICY_ITERATION,EMBEDDED,PREPROCESS,Moutain_Car,,,,,FAILED,1,experiments/20260708_095510/logs/Moutain_Car/MODIFIED_POLICY_ITERATION/EMBEDDED/PREPROCESS/run_1.log
run,algorithm,reward,exploration,environment,states,t_explore_sec,t_learn_sec,iterations_or_updates,status,exit_code,log_file
1,MODIFIED_POLICY_ITERATION,EMBEDDED,RECURSIVE,Moutain_Car,,,,,FAILED,1,experiments/20260708_095510/logs/Moutain_Car/MODIFIED_POLICY_ITERATION/EMBEDDED/RECURSIVE/run_1.log
run,algorithm,reward,exploration,environment,states,t_explore_sec,t_learn_sec,iterations_or_updates,status,exit_code,log_file
1,MODIFIED_POLICY_ITERATION,ONCEANDFORALL,PREPROCESS,Moutain_Car,,,,,FAILED,1,experiments/20260708_095510/logs/Moutain_Car/MODIFIED_POLICY_ITERATION/ONCEANDFORALL/PREPROCESS/run_1.log
run,algorithm,reward,exploration,environment,states,t_explore_sec,t_learn_sec,iterations_or_updates,status,exit_code,log_file
1,MODIFIED_POLICY_ITERATION,ONCEANDFORALL,RECURSIVE,Moutain_Car,,,,,FAILED,1,experiments/20260708_095510/logs/Moutain_Car/MODIFIED_POLICY_ITERATION/ONCEANDFORALL/RECURSIVE/run_1.log
run,algorithm,reward,exploration,environment,states,t_explore_sec,t_learn_sec,iterations_or_updates,status,exit_code,log_file
1,POLICY_ITERATION,EMBEDDED,PREPROCESS,Moutain_Car,,,,,FAILED,1,experiments/20260708_095510/logs/Moutain_Car/POLICY_ITERATION/EMBEDDED/PREPROCESS/run_1.log
run,algorithm,reward,exploration,environment,states,t_explore_sec,t_learn_sec,iterations_or_updates,status,exit_code,log_file
1,POLICY_ITERATION,EMBEDDED,RECURSIVE,Moutain_Car,,,,,FAILED,1,experiments/20260708_095510/logs/Moutain_Car/POLICY_ITERATION/EMBEDDED/RECURSIVE/run_1.log
run,algorithm,reward,exploration,environment,states,t_explore_sec,t_learn_sec,iterations_or_updates,status,exit_code,log_file
1,POLICY_ITERATION,ONCEANDFORALL,PREPROCESS,Moutain_Car,,,,,FAILED,1,experiments/20260708_095510/logs/Moutain_Car/POLICY_ITERATION/ONCEANDFORALL/PREPROCESS/run_1.log
run,algorithm,reward,exploration,environment,states,t_explore_sec,t_learn_sec,iterations_or_updates,status,exit_code,log_file
1,POLICY_ITERATION,ONCEANDFORALL,RECURSIVE,Moutain_Car,,,,,FAILED,1,experiments/20260708_095510/logs/Moutain_Car/POLICY_ITERATION/ONCEANDFORALL/RECURSIVE/run_1.log
run,algorithm,reward,exploration,environment,states,t_explore_sec,t_learn_sec,iterations_or_updates,status,exit_code,log_file
1,PRIORITIZED_VALUE_ITERATION,EMBEDDED,PREPROCESS,Moutain_Car,,,,,FAILED,1,experiments/20260708_095510/logs/Moutain_Car/PRIORITIZED_VALUE_ITERATION/EMBEDDED/PREPROCESS/run_1.log
run,algorithm,reward,exploration,environment,states,t_explore_sec,t_learn_sec,iterations_or_updates,status,exit_code,log_file
1,PRIORITIZED_VALUE_ITERATION,EMBEDDED,RECURSIVE,Moutain_Car,,,,,FAILED,1,experiments/20260708_095510/logs/Moutain_Car/PRIORITIZED_VALUE_ITERATION/EMBEDDED/RECURSIVE/run_1.log
run,algorithm,reward,exploration,environment,states,t_explore_sec,t_learn_sec,iterations_or_updates,status,exit_code,log_file
1,PRIORITIZED_VALUE_ITERATION,ONCEANDFORALL,PREPROCESS,Moutain_Car,,,,,FAILED,1,experiments/20260708_095510/logs/Moutain_Car/PRIORITIZED_VALUE_ITERATION/ONCEANDFORALL/PREPROCESS/run_1.log
run,algorithm,reward,exploration,environment,states,t_explore_sec,t_learn_sec,iterations_or_updates,status,exit_code,log_file
1,PRIORITIZED_VALUE_ITERATION,ONCEANDFORALL,RECURSIVE,Moutain_Car,,,,,FAILED,1,experiments/20260708_095510/logs/Moutain_Car/PRIORITIZED_VALUE_ITERATION/ONCEANDFORALL/RECURSIVE/run_1.log
run,algorithm,reward,exploration,environment,states,t_explore_sec,t_learn_sec,iterations_or_updates,status,exit_code,log_file
1,VALUE_ITERATION,EMBEDDED,PREPROCESS,Moutain_Car,,,,,FAILED,1,experiments/20260708_095510/logs/Moutain_Car/VALUE_ITERATION/EMBEDDED/PREPROCESS/run_1.log
run,algorithm,reward,exploration,environment,states,t_explore_sec,t_learn_sec,iterations_or_updates,status,exit_code,log_file
1,VALUE_ITERATION,EMBEDDED,RECURSIVE,Moutain_Car,,,,,FAILED,1,experiments/20260708_095510/logs/Moutain_Car/VALUE_ITERATION/EMBEDDED/RECURSIVE/run_1.log
run,algorithm,reward,exploration,environment,states,t_explore_sec,t_learn_sec,iterations_or_updates,status,exit_code,log_file
1,VALUE_ITERATION,ONCEANDFORALL,PREPROCESS,Moutain_Car,,,,,FAILED,1,experiments/20260708_095510/logs/Moutain_Car/VALUE_ITERATION/ONCEANDFORALL/PREPROCESS/run_1.log
run,algorithm,reward,exploration,environment,states,t_explore_sec,t_learn_sec,iterations_or_updates,status,exit_code,log_file
1,VALUE_ITERATION,ONCEANDFORALL,RECURSIVE,Moutain_Car,,,,,FAILED,1,experiments/20260708_095510/logs/Moutain_Car/VALUE_ITERATION/ONCEANDFORALL/RECURSIVE/run_1.log
run,algorithm,reward,exploration,environment,states,t_explore_sec,t_learn_sec,iterations_or_updates,status,exit_code,log_file
1,VALUE_ITERATION,EMBEDDED,PREPROCESS,Puzzle,,,,,FAILED,1,experiments/20260708_095510/logs/Puzzle/VALUE_ITERATION/EMBEDDED/PREPROCESS/run_1.log
run,algorithm,reward,exploration,environment,states,t_explore_sec,t_learn_sec,iterations_or_updates,status,exit_code,log_file
1,VALUE_ITERATION,EMBEDDED,RECURSIVE,Puzzle,,,,,FAILED,1,experiments/20260708_095510/logs/Puzzle/VALUE_ITERATION/EMBEDDED/RECURSIVE/run_1.log
run,algorithm,reward,exploration,environment,states,t_explore_sec,t_learn_sec,iterations_or_updates,status,exit_code,log_file
1,VALUE_ITERATION,ONCEANDFORALL,PREPROCESS,Puzzle,,,,,FAILED,1,experiments/20260708_095510/logs/Puzzle/VALUE_ITERATION/ONCEANDFORALL/PREPROCESS/run_1.log
run,algorithm,reward,exploration,environment,states,t_explore_sec,t_learn_sec,iterations_or_updates,status,exit_code,log_file
1,VALUE_ITERATION,ONCEANDFORALL,RECURSIVE,Puzzle,,,,,FAILED,1,experiments/20260708_095510/logs/Puzzle/VALUE_ITERATION/ONCEANDFORALL/RECURSIVE/run_1.log
run,algorithm,reward,exploration,environment,states,t_explore_sec,t_learn_sec,iterations_or_updates,status,exit_code,log_file
1,INCREMENTAL_VALUE_ITERATION,ONCEANDFORALL,PREPROCESS,Taxi-driver,,,,,FAILED,1,experiments/20260708_095510/logs/Taxi-driver/INCREMENTAL_VALUE_ITERATION/ONCEANDFORALL/PREPROCESS/run_1.log
run,algorithm,reward,exploration,environment,states,t_explore_sec,t_learn_sec,iterations_or_updates,status,exit_code,log_file
1,INCREMENTAL_VALUE_ITERATION,ONCEANDFORALL,RECURSIVE,Taxi-driver,43,0.045029446,1.198098814,12,SUCCESS,0,experiments/20260708_095510/logs/Taxi-driver/INCREMENTAL_VALUE_ITERATION/ONCEANDFORALL/RECURSIVE/run_1.log
run,algorithm,reward,exploration,environment,states,t_explore_sec,t_learn_sec,iterations_or_updates,status,exit_code,log_file
1,MODIFIED_POLICY_ITERATION,ONCEANDFORALL,PREPROCESS,Taxi-driver,,,,,FAILED,1,experiments/20260708_095510/logs/Taxi-driver/MODIFIED_POLICY_ITERATION/ONCEANDFORALL/PREPROCESS/run_1.log
run,algorithm,reward,exploration,environment,states,t_explore_sec,t_learn_sec,iterations_or_updates,status,exit_code,log_file
1,MODIFIED_POLICY_ITERATION,ONCEANDFORALL,RECURSIVE,Taxi-driver,43,0.047834035,1.918038089,10,SUCCESS,0,experiments/20260708_095510/logs/Taxi-driver/MODIFIED_POLICY_ITERATION/ONCEANDFORALL/RECURSIVE/run_1.log
run,algorithm,reward,exploration,environment,states,t_explore_sec,t_learn_sec,iterations_or_updates,status,exit_code,log_file
1,POLICY_ITERATION,ONCEANDFORALL,PREPROCESS,Taxi-driver,44,0.03883541,2.701597412,13,SUCCESS,0,experiments/20260708_095510/logs/Taxi-driver/POLICY_ITERATION/ONCEANDFORALL/PREPROCESS/run_1.log
run,algorithm,reward,exploration,environment,states,t_explore_sec,t_learn_sec,iterations_or_updates,status,exit_code,log_file
1,POLICY_ITERATION,ONCEANDFORALL,RECURSIVE,Taxi-driver,43,0.047950403,2.720510751,10,SUCCESS,0,experiments/20260708_095510/logs/Taxi-driver/POLICY_ITERATION/ONCEANDFORALL/RECURSIVE/run_1.log
run,algorithm,reward,exploration,environment,states,t_explore_sec,t_learn_sec,iterations_or_updates,status,exit_code,log_file
1,PRIORITIZED_VALUE_ITERATION,ONCEANDFORALL,PREPROCESS,Taxi-driver,,,,,FAILED,1,experiments/20260708_095510/logs/Taxi-driver/PRIORITIZED_VALUE_ITERATION/ONCEANDFORALL/PREPROCESS/run_1.log
run,algorithm,reward,exploration,environment,states,t_explore_sec,t_learn_sec,iterations_or_updates,status,exit_code,log_file
1,PRIORITIZED_VALUE_ITERATION,ONCEANDFORALL,RECURSIVE,Taxi-driver,,,,,FAILED,1,experiments/20260708_095510/logs/Taxi-driver/PRIORITIZED_VALUE_ITERATION/ONCEANDFORALL/RECURSIVE/run_1.log
run,algorithm,reward,exploration,environment,states,t_explore_sec,t_learn_sec,iterations_or_updates,status,exit_code,log_file
1,VALUE_ITERATION,ONCEANDFORALL,PREPROCESS,Taxi-driver,44,0.032974071,1.245573873,14,SUCCESS,0,experiments/20260708_095510/logs/Taxi-driver/VALUE_ITERATION/ONCEANDFORALL/PREPROCESS/run_1.log
run,algorithm,reward,exploration,environment,states,t_explore_sec,t_learn_sec,iterations_or_updates,status,exit_code,log_file
1,VALUE_ITERATION,ONCEANDFORALL,RECURSIVE,Taxi-driver,43,0.053007331,0.945824433,11,SUCCESS,0,experiments/20260708_095510/logs/Taxi-driver/VALUE_ITERATION/ONCEANDFORALL/RECURSIVE/run_1.log
run,algorithm,reward,exploration,environment,states,t_explore_sec,t_learn_sec,iterations_or_updates,status,exit_code,log_file
1,BACKWARD_INDUCTION,EMBEDDED,PREPROCESS,tictactoe,,,,,FAILED,1,experiments/20260708_095510/logs/tictactoe/BACKWARD_INDUCTION/EMBEDDED/PREPROCESS/run_1.log
run,algorithm,reward,exploration,environment,states,t_explore_sec,t_learn_sec,iterations_or_updates,status,exit_code,log_file
1,BACKWARD_INDUCTION,EMBEDDED,RECURSIVE,tictactoe,,,,,FAILED,1,experiments/20260708_095510/logs/tictactoe/BACKWARD_INDUCTION/EMBEDDED/RECURSIVE/run_1.log
run,algorithm,reward,exploration,environment,states,t_explore_sec,t_learn_sec,iterations_or_updates,status,exit_code,log_file
1,BACKWARD_INDUCTION,ONCEANDFORALL,PREPROCESS,tictactoe,,,,,FAILED,1,experiments/20260708_095510/logs/tictactoe/BACKWARD_INDUCTION/ONCEANDFORALL/PREPROCESS/run_1.log
run,algorithm,reward,exploration,environment,states,t_explore_sec,t_learn_sec,iterations_or_updates,status,exit_code,log_file
1,BACKWARD_INDUCTION,ONCEANDFORALL,RECURSIVE,tictactoe,,,,,FAILED,1,experiments/20260708_095510/logs/tictactoe/BACKWARD_INDUCTION/ONCEANDFORALL/RECURSIVE/run_1.log
run,algorithm,reward,exploration,environment,states,t_explore_sec,t_learn_sec,iterations_or_updates,status,exit_code,log_file
1,INCREMENTAL_VALUE_ITERATION,EMBEDDED,PREPROCESS,tictactoe,,,,,FAILED,1,experiments/20260708_095510/logs/tictactoe/INCREMENTAL_VALUE_ITERATION/EMBEDDED/PREPROCESS/run_1.log
run,algorithm,reward,exploration,environment,states,t_explore_sec,t_learn_sec,iterations_or_updates,status,exit_code,log_file
1,INCREMENTAL_VALUE_ITERATION,EMBEDDED,RECURSIVE,tictactoe,,,,,FAILED,1,experiments/20260708_095510/logs/tictactoe/INCREMENTAL_VALUE_ITERATION/EMBEDDED/RECURSIVE/run_1.log
run,algorithm,reward,exploration,environment,states,t_explore_sec,t_learn_sec,iterations_or_updates,status,exit_code,log_file
1,INCREMENTAL_VALUE_ITERATION,ONCEANDFORALL,PREPROCESS,tictactoe,,,,,FAILED,1,experiments/20260708_095510/logs/tictactoe/INCREMENTAL_VALUE_ITERATION/ONCEANDFORALL/PREPROCESS/run_1.log
run,algorithm,reward,exploration,environment,states,t_explore_sec,t_learn_sec,iterations_or_updates,status,exit_code,log_file
1,INCREMENTAL_VALUE_ITERATION,ONCEANDFORALL,RECURSIVE,tictactoe,,,,,FAILED,1,experiments/20260708_095510/logs/tictactoe/INCREMENTAL_VALUE_ITERATION/ONCEANDFORALL/RECURSIVE/run_1.log
run,algorithm,reward,exploration,environment,states,t_explore_sec,t_learn_sec,iterations_or_updates,status,exit_code,log_file
1,MODIFIED_POLICY_ITERATION,EMBEDDED,PREPROCESS,tictactoe,,,,,FAILED,1,experiments/20260708_095510/logs/tictactoe/MODIFIED_POLICY_ITERATION/EMBEDDED/PREPROCESS/run_1.log
run,algorithm,reward,exploration,environment,states,t_explore_sec,t_learn_sec,iterations_or_updates,status,exit_code,log_file
1,MODIFIED_POLICY_ITERATION,EMBEDDED,RECURSIVE,tictactoe,,,,,FAILED,1,experiments/20260708_095510/logs/tictactoe/MODIFIED_POLICY_ITERATION/EMBEDDED/RECURSIVE/run_1.log
run,algorithm,reward,exploration,environment,states,t_explore_sec,t_learn_sec,iterations_or_updates,status,exit_code,log_file
1,MODIFIED_POLICY_ITERATION,ONCEANDFORALL,PREPROCESS,tictactoe,,,,,FAILED,1,experiments/20260708_095510/logs/tictactoe/MODIFIED_POLICY_ITERATION/ONCEANDFORALL/PREPROCESS/run_1.log
run,algorithm,reward,exploration,environment,states,t_explore_sec,t_learn_sec,iterations_or_updates,status,exit_code,log_file
1,MODIFIED_POLICY_ITERATION,ONCEANDFORALL,RECURSIVE,tictactoe,,,,,FAILED,1,experiments/20260708_095510/logs/tictactoe/MODIFIED_POLICY_ITERATION/ONCEANDFORALL/RECURSIVE/run_1.log
run,algorithm,reward,exploration,environment,states,t_explore_sec,t_learn_sec,iterations_or_updates,status,exit_code,log_file
1,POLICY_ITERATION,EMBEDDED,PREPROCESS,tictactoe,,,,,FAILED,1,experiments/20260708_095510/logs/tictactoe/POLICY_ITERATION/EMBEDDED/PREPROCESS/run_1.log
run,algorithm,reward,exploration,environment,states,t_explore_sec,t_learn_sec,iterations_or_updates,status,exit_code,log_file
1,POLICY_ITERATION,EMBEDDED,RECURSIVE,tictactoe,,,,,FAILED,1,experiments/20260708_095510/logs/tictactoe/POLICY_ITERATION/EMBEDDED/RECURSIVE/run_1.log
run,algorithm,reward,exploration,environment,states,t_explore_sec,t_learn_sec,iterations_or_updates,status,exit_code,log_file
1,POLICY_ITERATION,ONCEANDFORALL,PREPROCESS,tictactoe,,,,,FAILED,1,experiments/20260708_095510/logs/tictactoe/POLICY_ITERATION/ONCEANDFORALL/PREPROCESS/run_1.log
run,algorithm,reward,exploration,environment,states,t_explore_sec,t_learn_sec,iterations_or_updates,status,exit_code,log_file
1,POLICY_ITERATION,ONCEANDFORALL,RECURSIVE,tictactoe,,,,,FAILED,1,experiments/20260708_095510/logs/tictactoe/POLICY_ITERATION/ONCEANDFORALL/RECURSIVE/run_1.log
run,algorithm,reward,exploration,environment,states,t_explore_sec,t_learn_sec,iterations_or_updates,status,exit_code,log_file
1,PRIORITIZED_VALUE_ITERATION,EMBEDDED,PREPROCESS,tictactoe,,,,,FAILED,1,experiments/20260708_095510/logs/tictactoe/PRIORITIZED_VALUE_ITERATION/EMBEDDED/PREPROCESS/run_1.log
run,algorithm,reward,exploration,environment,states,t_explore_sec,t_learn_sec,iterations_or_updates,status,exit_code,log_file
1,PRIORITIZED_VALUE_ITERATION,EMBEDDED,RECURSIVE,tictactoe,,,,,FAILED,1,experiments/20260708_095510/logs/tictactoe/PRIORITIZED_VALUE_ITERATION/EMBEDDED/RECURSIVE/run_1.log
run,algorithm,reward,exploration,environment,states,t_explore_sec,t_learn_sec,iterations_or_updates,status,exit_code,log_file
1,PRIORITIZED_VALUE_ITERATION,ONCEANDFORALL,PREPROCESS,tictactoe,,,,,FAILED,1,experiments/20260708_095510/logs/tictactoe/PRIORITIZED_VALUE_ITERATION/ONCEANDFORALL/PREPROCESS/run_1.log
run,algorithm,reward,exploration,environment,states,t_explore_sec,t_learn_sec,iterations_or_updates,status,exit_code,log_file
1,PRIORITIZED_VALUE_ITERATION,ONCEANDFORALL,RECURSIVE,tictactoe,,,,,FAILED,1,experiments/20260708_095510/logs/tictactoe/PRIORITIZED_VALUE_ITERATION/ONCEANDFORALL/RECURSIVE/run_1.log
run,algorithm,reward,exploration,environment,states,t_explore_sec,t_learn_sec,iterations_or_updates,status,exit_code,log_file
1,VALUE_ITERATION,EMBEDDED,PREPROCESS,tictactoe,,,,,FAILED,1,experiments/20260708_095510/logs/tictactoe/VALUE_ITERATION/EMBEDDED/PREPROCESS/run_1.log
run,algorithm,reward,exploration,environment,states,t_explore_sec,t_learn_sec,iterations_or_updates,status,exit_code,log_file
1,VALUE_ITERATION,EMBEDDED,RECURSIVE,tictactoe,,,,,FAILED,1,experiments/20260708_095510/logs/tictactoe/VALUE_ITERATION/EMBEDDED/RECURSIVE/run_1.log
run,algorithm,reward,exploration,environment,states,t_explore_sec,t_learn_sec,iterations_or_updates,status,exit_code,log_file
1,VALUE_ITERATION,ONCEANDFORALL,PREPROCESS,tictactoe,,,,,FAILED,1,experiments/20260708_095510/logs/tictactoe/VALUE_ITERATION/ONCEANDFORALL/PREPROCESS/run_1.log
run,algorithm,reward,exploration,environment,states,t_explore_sec,t_learn_sec,iterations_or_updates,status,exit_code,log_file
1,VALUE_ITERATION,ONCEANDFORALL,RECURSIVE,tictactoe,,,,,FAILED,1,experiments/20260708_095510/logs/tictactoe/VALUE_ITERATION/ONCEANDFORALL/RECURSIVE/run_1.log
